{"cameraMode":{"drawMode":0,"name":"Shaded","section":"Shading Mode"},"sceneLighting":true,"audioPlay":false,"sceneViewState":{"showFog":false,"showMaterialUpdate":false,"showSkybox":false,"showFlares":false,"showImageEffects":false,"showParticleSystems":false},"in2DMode":false,"pivot":{"x":-0.7588348388671875,"y":-2.787843704223633,"z":72.43966674804688},"rotation":{"x":0.30236580967903139,"y":0.3644278347492218,"z":-0.12641558051109315,"w":0.8716581463813782},"size":12.96894645690918,"orthographic":false}